{
    "DUPLICATE_BLOCK": "context menu - Remove the descriptive comment from the selected block.",
    "REMOVE_COMMENT": "context menu - Change from 'inline' to 'external' mode for displaying blocks used as inputs to the selected block.",
    "ADD_COMMENT": "context menu - Add a descriptive comment to the selected block.",
    "EXTERNAL_INPUTS": "context menu - Change from 'external' to 'inline' mode for displaying blocks used as inputs to the selected block.",
    "INLINE_INPUTS": "context menu - Permanently delete the selected block.",
    "DELETE_BLOCK": "context menu - Permanently delete the selected block.",
    "DELETE_X_BLOCKS": "context menu - Permanently delete the %1 selected blocks.\n\nParameters:\n* %1 - an integer greater than 1.",
    "COLLAPSE_BLOCK": "context menu - Make the appearance of the selected block smaller by hiding some information about it.",
    "COLLAPSE_ALL": "context menu - Make the appearance of the selected blocks smaller by hiding some information about it.  Use the same terminology as in the previous message.",
    "EXPAND_BLOCK": "context menu - Restore the appearance of the selected block by showing information about it that was hidden (collapsed) earlier.",
    "EXPAND_ALL": "context menu - Restore the appearance of the selected block by showing information about it that was hidden (collapsed) earlier.  Use the same terminology as in the previous message.",
    "DISABLE_BLOCK": "context menu - Make the selected block have no effect (unless reenabled).",
    "ENABLE_BLOCK": "context menu - Make the selected block have effect (after having been disabled earlier).",
    "HELP": "context menu - Provide helpful information about the selected block.",
    "CHANGE_VALUE_TITLE": "prompt - This message is only seen in the Opera browser.  With most browsers, users can edit numeric values in blocks by just clicking and typing.  Opera does not allows this, so we have to open a new window and prompt users with this message to chanage a value.",
    "NEW_VARIABLE": "dropdown choice - When the user clicks on a variable block, this is one of the dropdown menu choices.  It is used to define a new variable.  See [https://code.google.com/p/blockly/wiki/Variables#Dropdown_menu https://code.google.com/p/blockly/wiki/Variables#Dropdown_menu].",
    "NEW_VARIABLE_TITLE": "prompt - Prompts the user to enter the name for a new variable.  See [https://code.google.com/p/blockly/wiki/Variables#Dropdown_menu https://code.google.com/p/blockly/wiki/Variables#Dropdown_menu].",
    "RENAME_VARIABLE": "dropdown choice - When the user clicks on a variable block, this is one of the dropdown menu choices.  It is used to rename the current variable.  See [https://code.google.com/p/blockly/wiki/Variables#Dropdown_menu https://code.google.com/p/blockly/wiki/Variables#Dropdown_menu].",
    "RENAME_VARIABLE_TITLE": "prompt - Prompts the user to enter the new name for the selected variable.  See [https://code.google.com/p/blockly/wiki/Variables#Dropdown_menu https://code.google.com/p/blockly/wiki/Variables#Dropdown_menu].\n\nParameters:\n* %1 - the name of the variable to be renamed.",
    "COLOUR_PICKER_HELPURL": "url - Information about colour.",
    "COLOUR_PICKER_TOOLTIP": "tooltip - See [https://code.google.com/p/blockly/wiki/Colour#Picking_a_colour_from_a_palette https://code.google.com/p/blockly/wiki/Colour#Picking_a_colour_from_a_palette].",
    "COLOUR_RANDOM_HELPURL": "url - A link that displays a random colour each time you visit it.",
    "COLOUR_RANDOM_TITLE": "block text - Title of block that generates a colour at random.",
    "COLOUR_RANDOM_TOOLTIP": "tooltip - See [https://code.google.com/p/blockly/wiki/Colour#Generating_a_random_colour https://code.google.com/p/blockly/wiki/Colour#Generating_a_random_colour].",
    "COLOUR_RGB_HELPURL": "url - A link for color codes with percentages (0-100%) for each component, instead of the more common 0-255, which may be more difficult for beginners.",
    "COLOUR_RGB_TITLE": "block text - Title of block for [https://code.google.com/p/blockly/wiki/Colour#Creating_a_colour_from_red,_green,_and_blue_components https://code.google.com/p/blockly/wiki/Colour#Creating_a_colour_from_red,_green,_and_blue_components].",
    "COLOUR_RGB_RED": "block input text - The amount of red (from 0 to 100) to use when [https://code.google.com/p/blockly/wiki/Colour#Creating_a_colour_from_red,_green,_and_blue_components https://code.google.com/p/blockly/wiki/Colour#Creating_a_colour_from_red,_green,_and_blue_components].",
    "COLOUR_RGB_GREEN": "block input text - The amount of green (from 0 to 100) to use when [https://code.google.com/p/blockly/wiki/Colour#Creating_a_colour_from_red,_green,_and_blue_components https://code.google.com/p/blockly/wiki/Colour#Creating_a_colour_from_red,_green,_and_blue_components].",
    "COLOUR_RGB_BLUE": "block input text - The amount of blue (from 0 to 100) to use when [https://code.google.com/p/blockly/wiki/Colour#Creating_a_colour_from_red,_green,_and_blue_components https://code.google.com/p/blockly/wiki/Colour#Creating_a_colour_from_red,_green,_and_blue_components].",
    "COLOUR_RGB_TOOLTIP": "tooltip - See [https://code.google.com/p/blockly/wiki/Colour#Creating_a_colour_from_red,_green,_and_blue_components https://code.google.com/p/blockly/wiki/Colour#Creating_a_colour_from_red,_green,_and_blue_components].",
    "COLOUR_BLEND_HELPURL": "url - A useful link that displays blending of two colors.",
    "COLOUR_BLEND_TITLE": "block text - A verb for blending two shades of paint.",
    "COLOUR_BLEND_COLOUR1": "block input text - The first of two colours to [https://code.google.com/p/blockly/wiki/Colour#Blending_colours blend].",
    "COLOUR_BLEND_COLOUR2": "block input text - The second of two colours to [https://code.google.com/p/blockly/wiki/Colour#Blending_colours blend].",
    "COLOUR_BLEND_RATIO": "block input text - The proportion of the [https://code.google.com/p/blockly/wiki/Colour#Blending_colours blend] containing the first color; the remaining proportion is of the second colour.  For example, if the first colour is red and the second color blue, a ratio of 1 would yield pure red, a ratio of .5 would yield purple (equal amounts of red and blue), and a ratio of 0 would yield pure blue.",
    "COLOUR_BLEND_TOOLTIP": "tooltip - See [https://code.google.com/p/blockly/wiki/Colour#Blending_colours https://code.google.com/p/blockly/wiki/Colour#Blending_colours].",
    "CONTROLS_REPEAT_HELPURL": "url - Describes 'repeat loops' in computer programs; consider using the translation of the page [http://en.wikipedia.org/wiki/Control_flow http://en.wikipedia.org/wiki/Control_flow].",
    "CONTROLS_REPEAT_TITLE": "block input text - Title of [https://code.google.com/p/blockly/wiki/Loops#repeat repeat block].\n\nParameters:\n* %1 - the number of times the body of the loop should be repeated.",
    "CONTROLS_REPEAT_TITLE_REPEAT": "block text - Text preceding the number of repetitions in a [https://code.google.com/p/blockly/wiki/Loops#repeat repeat block]. (This is redundant with the previous message but is needed to support older code.)",
    "CONTROLS_REPEAT_TITLE_TIMES": "block text - Text following the number of times a [https://code.google.com/p/blockly/wiki/Loops#repeat repeat loop] should be repeated. (This is redundant but is needed to support older code.)",
    "CONTROLS_REPEAT_INPUT_DO": "block text - Preceding the blocks in the body of the loop.  See [https://code.google.com/p/blockly/wiki/Loops https://code.google.com/p/blockly/wiki/Loops].",
    "CONTROLS_REPEAT_TOOLTIP": "tooltip - See [https://code.google.com/p/blockly/wiki/Loops#repeat https://code.google.com/p/blockly/wiki/Loops#repeat].",
    "CONTROLS_WHILEUNTIL_HELPURL": "url - Describes 'while loops' in computer programs; consider using the translation of [http://en.wikipedia.org/wiki/While_loop http://en.wikipedia.org/wiki/While_loop], if present, or [http://en.wikipedia.org/wiki/Control_flow http://en.wikipedia.org/wiki/Control_flow].",
    "CONTROLS_WHILEUNTIL_OPERATOR_WHILE": "dropdown - Specifies that a loop should [https://code.google.com/p/blockly/wiki/Loops#Repeat_while repeat while] the following condition is true.",
    "CONTROLS_WHILEUNTIL_OPERATOR_UNTIL": "dropdown - Specifies that a loop should [https://code.google.com/p/blockly/wiki/Loops#Repeat_until repeat until] the following condition becomes true.",
    "CONTROLS_WHILEUNTIL_TOOLTIP_WHILE": "tooltip - See [https://code.google.com/p/blockly/wiki/Loops#repeat_while Loops#repeat_while https://code.google.com/p/blockly/wiki/Loops#repeat_while Loops#repeat_while].",
    "CONTROLS_WHILEUNTIL_TOOLTIP_UNTIL": "tooltip - See [https://code.google.com/p/blockly/wiki/Loops#repeat_until https://code.google.com/p/blockly/wiki/Loops#repeat_until].",
    "CONTROLS_FOR_HELPURL": "url - Describes 'for loops' in computer programs.  Consider using your language's translation of [http://en.wikipedia.org/wiki/For_loop http://en.wikipedia.org/wiki/For_loop], if present.",
    "CONTROLS_FOR_TOOLTIP": "tooltip - See [https://code.google.com/p/blockly/wiki/Loops#count_with https://code.google.com/p/blockly/wiki/Loops#count_with].\n\nParameters:\n* %1 - the name of the loop variable.",
    "CONTROLS_FOR_INPUT_WITH": "block title - Title of [https://code.google.com/p/blockly/wiki/Loops#count_with count with] blocks.",
    "CONTROLS_FOR_INPUT_FROM_TO_BY": "block input text - Starting with a (usually lower) number in a range (%1), ending with a (usually higher) number in a range (%2), and counting the iterations by a number of steps (%3).  As in [https://code.google.com/p/blockly/wiki/Loops#count_with https://code.google.com/p/blockly/wiki/Loops#count_with].",
    "CONTROLS_FOREACH_HELPURL": "url - Describes 'for-each loops' in computer programs.  Consider using your language's translation of [http://en.wikipedia.org/wiki/Foreach http://en.wikipedia.org/wiki/Foreach] if present.",
    "CONTROLS_FOREACH_INPUT_ITEM": "block text - Title of [https://code.google.com/p/blockly/wiki/Loops#for_each for each block].",
    "CONTROLS_FOREACH_INPUT_INLIST": "block text - Preceding the list that should be iterated over in a [https://code.google.com/p/blockly/wiki/Loops#for_each for each loop].",
    "CONTROLS_FOREACH_INPUT_INLIST_TAIL": "block text - Following the list that should be iterated over in a [https://code.google.com/p/blockly/wiki/Loops#for_each for each loop].  This is empty in most, but not all, languages.",
    "CONTROLS_FOREACH_TOOLTIP": "block text - Description of [https://code.google.com/p/blockly/wiki/Loops#for_each for each blocks].\n\nParameters:\n* %1 - the name of the loop variable.",
    "CONTROLS_FLOW_STATEMENTS_HELPURL": "url - Describes control flow in computer programs.  Consider using your language's translation of [http://en.wikipedia.org/wiki/Control_flow http://en.wikipedia.org/wiki/Control_flow], if it exists.",
    "CONTROLS_FLOW_STATEMENTS_OPERATOR_BREAK": "dropdown - The current loop should be exited.  See [https://code.google.com/p/blockly/wiki/Loops#break https://code.google.com/p/blockly/wiki/Loops#break].",
    "CONTROLS_FLOW_STATEMENTS_OPERATOR_CONTINUE": "dropdown - The current iteration of the loop should be ended and the next should begin.  See [https://code.google.com/p/blockly/wiki/Loops#continue_with_next_iteration https://code.google.com/p/blockly/wiki/Loops#continue_with_next_iteration].",
    "CONTROLS_FLOW_STATEMENTS_TOOLTIP_BREAK": "tooltip - See [https://code.google.com/p/blockly/wiki/Loops#break_out_of_loop https://code.google.com/p/blockly/wiki/Loops#break_out_of_loop].",
    "CONTROLS_FLOW_STATEMENTS_TOOLTIP_CONTINUE": "tooltip - See [https://code.google.com/p/blockly/wiki/Loops#continue_with_next_iteration https://code.google.com/p/blockly/wiki/Loops#continue_with_next_iteration].",
    "CONTROLS_FLOW_STATEMENTS_WARNING": "warning - The user has tried placing a block outside of a loop (for each, while, repeat, etc.), but this type of block may only be used within a loop.  See [https://code.google.com/p/blockly/wiki/Loops#Loop_Termination_Blocks https://code.google.com/p/blockly/wiki/Loops#Loop_Termination_Blocks].",
    "CONTROLS_IF_HELPURL": "url - Describes conditional statements (if-then-else) in computer programs.  Consider using your language's translation of [http://en.wikipedia.org/wiki/If_else http://en.wikipedia.org/wiki/If_else], if present.",
    "CONTROLS_IF_TOOLTIP_1": "tooltip - Describes [https://code.google.com/p/blockly/wiki/IfElse#If_blocks 'if' blocks].  Consider using your language's translation of [http://en.wikipedia.org/wiki/If_statement http://en.wikipedia.org/wiki/If_statement], if present.",
    "CONTROLS_IF_TOOLTIP_2": "tooltip - Describes [https://code.google.com/p/blockly/wiki/IfElse#If-Else_blocks if-else blocks].  Consider using your language's translation of [http://en.wikipedia.org/wiki/If_statement http://en.wikipedia.org/wiki/If_statement], if present.",
    "CONTROLS_IF_TOOLTIP_3": "tooltip - Describes [https://code.google.com/p/blockly/wiki/IfElse#If-Else-If_blocks if-else-if blocks].  Consider using your language's translation of [http://en.wikipedia.org/wiki/If_statement http://en.wikipedia.org/wiki/If_statement], if present.",
    "CONTROLS_IF_TOOLTIP_4": "tooltip - Describes [https://code.google.com/p/blockly/wiki/IfElse#If-Else-If-Else_blocks if-else-if-else blocks].  Consider using your language's translation of [http://en.wikipedia.org/wiki/If_statement http://en.wikipedia.org/wiki/If_statement], if present.",
    "CONTROLS_IF_MSG_IF": "block text - See [https://code.google.com/p/blockly/wiki/IfElse https://code.google.com/p/blockly/wiki/IfElse]. It is recommended, but not essential, that this have text in common with the translation of 'else if'",
    "CONTROLS_IF_MSG_ELSEIF": "block text - See [https://code.google.com/p/blockly/wiki/IfElse https://code.google.com/p/blockly/wiki/IfElse].  The English words 'otherwise if' would probably be clearer than 'else if', but the latter is used because it is traditional and shorter.",
    "CONTROLS_IF_MSG_ELSE": "block text - See [https://code.google.com/p/blockly/wiki/IfElse https://code.google.com/p/blockly/wiki/IfElse].  The English word 'otherwise' would probably be superior to 'else', but the latter is used because it is traditional and shorter.",
    "CONTROLS_IF_IF_TOOLTIP": "tooltip - Describes [https://code.google.com/p/blockly/wiki/IfElse#Block_Modification if block modification].",
    "CONTROLS_IF_ELSEIF_TOOLTIP": "tooltip - Describes the 'else if' subblock during [https://code.google.com/p/blockly/wiki/IfElse#Block_Modification if block modification].",
    "CONTROLS_IF_ELSE_TOOLTIP": "tooltip - Describes the 'else' subblock during [https://code.google.com/p/blockly/wiki/IfElse#Block_Modification if block modification].",
    "LOGIC_COMPARE_HELPURL": "url - Information about comparisons.",
    "LOGIC_COMPARE_TOOLTIP_EQ": "tooltip - Describes the equals (=) block.",
    "LOGIC_COMPARE_TOOLTIP_NEQ": "tooltip - Describes the equals (&ne;) block.",
    "LOGIC_COMPARE_TOOLTIP_LT": "tooltip - Describes the equals (&lt;) block.",
    "LOGIC_COMPARE_TOOLTIP_LTE": "tooltip - Describes the equals (&le;) block.",
    "LOGIC_COMPARE_TOOLTIP_GT": "tooltip - Describes the equals (&gt;) block.",
    "LOGIC_COMPARE_TOOLTIP_GTE": "tooltip - Describes the equals (&ge;) block.",
    "LOGIC_OPERATION_HELPURL": "url - Information about the Boolean conjunction ('and') and disjunction ('or') operators.  Consider using the translation of [http://en.wikipedia.org/wiki/Boolean_logic http://en.wikipedia.org/wiki/Boolean_logic], if it exists in your language.",
    "LOGIC_OPERATION_TOOLTIP_AND": "tooltip - See [http://en.wikipedia.org/wiki/Logical_conjunction http://en.wikipedia.org/wiki/Logical_conjunction].",
    "LOGIC_OPERATION_AND": "block text - See [http://en.wikipedia.org/wiki/Logical_conjunction http://en.wikipedia.org/wiki/Logical_conjunction].",
    "LOGIC_OPERATION_TOOLTIP_OR": "block text - See [http://en.wikipedia.org/wiki/Disjunction http://en.wikipedia.org/wiki/Disjunction].",
    "LOGIC_OPERATION_OR": "block text - See [http://en.wikipedia.org/wiki/Disjunction http://en.wikipedia.org/wiki/Disjunction].",
    "LOGIC_NEGATE_HELPURL": "url - Information about logical negation.  The translation of [http://en.wikipedia.org/wiki/Logical_negation http://en.wikipedia.org/wiki/Logical_negation] is recommended if it exists in the target language.",
    "LOGIC_NEGATE_TITLE": "block text - This is a unary operator that returns ''false'' when the input is ''true'', and ''true'' when the input is ''false''. \n\nParameters:\n* %1 - the input (which should be either the value 'true' or 'false')",
    "LOGIC_NEGATE_TOOLTIP": "tooltip - See [http://en.wikipedia.org/wiki/Logical_negation http://en.wikipedia.org/wiki/Logical_negation].",
    "LOGIC_BOOLEAN_HELPURL": "url - Information about the logic values ''true'' and ''false''.  Consider using the translation of [http://en.wikipedia.org/wiki/Truth_value http://en.wikipedia.org/wiki/Truth_value] if it exists in your language.",
    "LOGIC_BOOLEAN_TRUE": "block text - The word for the [http://en.wikipedia.org/wiki/Truth_value logical value] ''true''.",
    "LOGIC_BOOLEAN_FALSE": "block text - The word for the [http://en.wikipedia.org/wiki/Truth_value logical value] ''false''.",
    "LOGIC_BOOLEAN_TOOLTIP": "tooltip - Indicates that the block returns either of the two possible [http://en.wikipedia.org/wiki/Truth_value logical values].",
    "LOGIC_NULL_HELPURL": "url - Provide a link to the translation of [http://en.wikipedia.org/wiki/Nullable_type http://en.wikipedia.org/wiki/Nullable_type], if it exists in your language; otherwise, do not worry about translating this advanced concept.",
    "LOGIC_NULL": "block text - In computer languages, ''null'' is a special value that indicates that no value has been set.  You may use your language's word for 'nothing' or 'invalid'.",
    "LOGIC_NULL_TOOLTIP": "tooltip - This should use the word from the previous message.",
    "LOGIC_TERNARY_HELPURL": "url - Describes the programming language operator known as the ''ternary'' or ''conditional'' operator.  It is recommended that you use the translation of [http://en.wikipedia.org/wiki/%3F: http://en.wikipedia.org/wiki/%3F:] if it exists.",
    "LOGIC_TERNARY_CONDITION": "block input text - Label for the input whose value determines which of the other two inputs is returned.  In some programming languages, this is called a ''''predicate''''.",
    "LOGIC_TERNARY_IF_TRUE": "block input text - Indicates that the following input should be returned (used as output) if the test input is true.  Remember to try to keep block text terse (short).",
    "LOGIC_TERNARY_IF_FALSE": "block input text - Indicates that the following input should be returned (used as output) if the test input is false.",
    "LOGIC_TERNARY_TOOLTIP": "tooltip - See [http://en.wikipedia.org/wiki/%3F: http://en.wikipedia.org/wiki/%3F:].",
    "MATH_NUMBER_HELPURL": "url - Information about (real) numbers.",
    "MATH_NUMBER_TOOLTIP": "tooltip - Any positive or negative number, not necessarily an integer.",
    "MATH_ARITHMETIC_HELPURL": "url - Information about addition, subtraction, multiplication, division, and exponentiation.",
    "MATH_ARITHMETIC_TOOLTIP_ADD": "tooltip - See [http://en.wikipedia.org/wiki/Addition http://en.wikipedia.org/wiki/Addition].",
    "MATH_ARITHMETIC_TOOLTIP_MINUS": "tooltip - See [http://en.wikipedia.org/wiki/Subtraction http://en.wikipedia.org/wiki/Subtraction].",
    "MATH_ARITHMETIC_TOOLTIP_MULTIPLY": "tooltip - See [http://en.wikipedia.org/wiki/Multiplication http://en.wikipedia.org/wiki/Multiplication].",
    "MATH_ARITHMETIC_TOOLTIP_DIVIDE": "tooltip - See [http://en.wikipedia.org/wiki/Division_(mathematics) http://en.wikipedia.org/wiki/Division_(mathematics)].",
    "MATH_ARITHMETIC_TOOLTIP_POWER": "tooltip - See [http://en.wikipedia.org/wiki/Exponentiation http://en.wikipedia.org/wiki/Exponentiation].",
    "MATH_SINGLE_HELPURL": "url - Information about the square root operation.",
    "MATH_SINGLE_OP_ROOT": "dropdown - This computes the positive [http://en.wikipedia.org/wiki/Square_root square root] of its input.  For example, the square root of 16 is 4.",
    "MATH_SINGLE_TOOLTIP_ROOT": "tooltip - Please use the same term as in the previous message.",
    "MATH_SINGLE_OP_ABSOLUTE": "dropdown - This leaves positive numeric inputs changed and inverts negative inputs.  For example, the absolute value of 5 is 5; the absolute value of -5 is also 5.  For more information, see [http://en.wikipedia.org/wiki/Absolute_value http://en.wikipedia.org/wiki/Absolute_value].",
    "MATH_SINGLE_TOOLTIP_ABS": "tooltip - Please use the same term as in the previous message.",
    "MATH_SINGLE_TOOLTIP_NEG": "tooltip - Calculates '''0-n''', where '''n''' is the single numeric input.",
    "MATH_SINGLE_TOOLTIP_LN": "tooltip - Calculates the [http://en.wikipedia.org/wiki/Natural_logarithm|natural logarithm] of its single numeric input.",
    "MATH_SINGLE_TOOLTIP_LOG10": "tooltip - Calculates the [http://en.wikipedia.org/wiki/Common_logarithm common logarithm] of its single numeric input.",
    "MATH_SINGLE_TOOLTIP_EXP": "tooltip - Multiplies [http://en.wikipedia.org/wiki/E_%28mathematical_constant%29 e] by itself n times, where n is the single numeric input.",
    "MATH_SINGLE_TOOLTIP_POW10": "tooltip - Multiplies 10 by itself n times, where n is the single numeric input.",
    "MATH_TRIG_HELPURL": "url - Information about the trigonometric functions sine, cosine, tangent, and their inverses (ideally using degrees, not radians).",
    "MATH_TRIG_TOOLTIP_SIN": "tooltip - For more information, see [http://en.wikipedia.org/wiki/Trigonometric_functions#Sine.2C_cosine_and_tangent http://en.wikipedia.org/wiki/Trigonometric_functions] and [http://en.wikipedia.org/wiki/Degree_(angle) http://en.wikipedia.org/wiki/Degree_(angle)].",
    "MATH_TRIG_TOOLTIP_COS": "tooltip - For more information, see [http://en.wikipedia.org/wiki/Trigonometric_functions#Sine.2C_cosine_and_tangent http://en.wikipedia.org/wiki/Trigonometric_functions#Sine.2C_cosine_and_tangent] and [http://en.wikipedia.org/wiki/Degree_(angle) http://en.wikipedia.org/wiki/Degree_(angle)].",
    "MATH_TRIG_TOOLTIP_TAN": "tooltip - For more information, see [http://en.wikipedia.org/wiki/Trigonometric_functions#Sine.2C_cosine_and_tangent http://en.wikipedia.org/wiki/Trigonometric_functions#Sine.2C_cosine_and_tangent]  and [http://en.wikipedia.org/wiki/Degree_(angle) http://en.wikipedia.org/wiki/Degree_(angle)].",
    "MATH_TRIG_TOOLTIP_ASIN": "tooltip - The [http://en.wikipedia.org/wiki/Inverse_trigonometric_functions inverse] of the [http://en.wikipedia.org/wiki/Cosine#Sine.2C_cosine_and_tangent cotangent function, using [http://en.wikipedia.org/wiki/Degree_(angle) degrees], not radians.",
    "MATH_TRIG_TOOLTIP_ACOS": "tooltip - The [http://en.wikipedia.org/wiki/Inverse_trigonometric_functions inverse] of the [http://en.wikipedia.org/wiki/Cosine#Sine.2C_cosine_and_tangent cosine] function, using [http://en.wikipedia.org/wiki/Degree_(angle) degrees], not radians.",
    "MATH_TRIG_TOOLTIP_ATAN": "tooltip - The [http://en.wikipedia.org/wiki/Inverse_trigonometric_functions inverse] of the [http://en.wikipedia.org/wiki/Cosine#Sine.2C_cosine_and_tangent tangent] function, using [http://en.wikipedia.org/wiki/Degree_(angle)|degrees], not radians.",
    "MATH_CONSTANT_HELPURL": "url - Information about the mathematical constants &pi;, e, the golden ratio (&phi;), &radic; 2, &radic 1/2, and infinity (&infin;).",
    "MATH_CONSTANT_TOOLTIP": "tooltip - Provides the specified [http://en.wikipedia.org/wiki/Mathematical_constant mathematical constant].",
    "MATH_IS_EVEN": "dropdown - A number is even if it is a multiple of 2.  For example, 4 is even (yielding true), but 3 is not (false).",
    "MATH_IS_ODD": "dropdown - A number is odd if it is not a multiple of 2.  For example, 3 is odd (yielding true), but 4 is not (false).  The opposite of ''''odd'''' is ''''even''''.",
    "MATH_IS_PRIME": "dropdown - A number is prime if it cannot be evenly divided by any positive integers except for 1 and itself.  For example, 5 is prime, but 6 is not because 2 &times; 3 = 6.",
    "MATH_IS_WHOLE": "dropdown - A number is whole if it is an integer.  For example, 5 is whole, but 5.1 is not.",
    "MATH_IS_POSITIVE": "dropdown - A number is positive if it is greater than 0.  (0 is neither negative nor positive.)",
    "MATH_IS_NEGATIVE": "dropdown - A number is negative if it is less than 0.  (0 is neither negative nor positive.)",
    "MATH_IS_DIVISIBLE_BY": "dropdown - A number x is divisible by y if y goes into x evenly.  For example, 10 is divisible by 5, but 10 is not divisible by 3.",
    "MATH_IS_TOOLTIP": "tooltip - This block lets the user specify via a dropdown menu whether to check if the numeric input is even, odd, prime, whole, positive, negative, or divisible by a given value.",
    "MATH_CHANGE_HELPURL": "url - Information about incrementing (increasing the value of) a variable.",
    "MATH_CHANGE_TITLE_CHANGE": "- As in: '''change''' [the value of variable] ''item by'' 1 (e.g., if the variable named 'item' had the value 5, change it to 6).",
    "MATH_CHANGE_TITLE_ITEM": "- As in: ''change'' [the value of variable] '''item''' ''by'' 1 (e.g., if the variable named 'item' had the value 5, change it to 6).",
    "MATH_CHANGE_INPUT_BY": "- As in: ''change'' [the value of variable] ''item'' '''by''' 1 (e.g., if the variable named 'item' had the value 5, change it to 6).",
    "MATH_CHANGE_TOOLTIP": "tooltip - This updates the value of the variable by adding to it the following numeric input.\n\nParameters:\n* %1 - the name of the variable whose value should be increased.",
    "MATH_ROUND_HELPURL": "url - Information about how numbers are rounded to the nearest integer",
    "MATH_ROUND_TOOLTIP": "tooltip - See [http://en.wikipedia.org/wiki/Rounding http://en.wikipedia.org/wiki/Rounding].",
    "MATH_ROUND_OPERATOR_ROUND": "dropdown - This rounds its input to the nearest whole number.  For example, 3.4 is rounded to 3.",
    "MATH_ROUND_OPERATOR_ROUNDUP": "dropdown - This rounds its input down to the nearest whole number.  For example, if the input was 2.2, the result would be 3.",
    "MATH_ROUND_OPERATOR_ROUNDDOWN": "dropdown - This rounds its input down to the nearest whole number.  For example, if the input was 3.8, the result would be 3.",
    "MATH_ONLIST_HELPURL": "url - Information about applying a function to a list of numbers.  (We were unable to find such information in English.  Feel free to skip this and any other URLs that are difficult.)",
    "MATH_ONLIST_OPERATOR_SUM": "dropdown - This computes the sum of the numeric elements in the list.  For example, the sum of the list {1, 4} is 5.",
    "MATH_ONLIST_TOOLTIP_SUM": "tooltip - Please use the same term for 'sum' as in the previous message.",
    "MATH_ONLIST_OPERATOR_MIN": "dropdown - This finds the smallest (minimum) number in a list.  For example, the smallest number in the list [-5, 0, 3] is -5.",
    "MATH_ONLIST_TOOLTIP_MIN": "tooltip - Please use the same term for 'min' or 'minimum' as in the previous message.",
    "MATH_ONLIST_OPERATOR_MAX": "dropdown - This finds the largest (maximum) number in a list.  For example, the largest number in the list [-5, 0, 3] is 3.",
    "MATH_ONLIST_TOOLTIP_MAX": "tooltip -",
    "MATH_ONLIST_OPERATOR_AVERAGE": "dropdown - This adds up all of the numbers in a list and divides the sum by the number of elements in the list.  For example, the [http://en.wikipedia.org/wiki/Arithmetic_mean average] of the list [1, 2, 3, 4] is 2.5 (10/4).",
    "MATH_ONLIST_TOOLTIP_AVERAGE": "tooltip - See [http://en.wikipedia.org/wiki/Arithmetic_mean].",
    "MATH_ONLIST_OPERATOR_MEDIAN": "dropdown - This finds the [http://en.wikipedia.org/wiki/Median median] of the numeric values in a list.  For example, the median of the list {1, 2, 7, 12, 13} is 7.",
    "MATH_ONLIST_TOOLTIP_MEDIAN": "tooltip - See [http://en.wikipedia.org/wiki/Median median].",
    "MATH_ONLIST_OPERATOR_MODE": "dropdown - This finds the most common numbers ([http://en.wikipedia.org/wiki/Mode_(statistics) modes]) in a list.  For example, the modes of the list {1, 3, 9, 3, 9}  are {1, 9}.",
    "MATH_ONLIST_TOOLTIP_MODE": "tooltip - See [http://en.wikipedia.org/wiki/Mode_(statistics) http://en.wikipedia.org/wiki/Mode_(statistics)].",
    "MATH_ONLIST_OPERATOR_STD_DEV": "dropdown - This finds the [http://en.wikipedia.org/wiki/Standard_deviation standard deviation] of the numeric values in a list.",
    "MATH_ONLIST_TOOLTIP_STD_DEV": "tooltip - See [http://en.wikipedia.org/wiki/Standard_deviation].",
    "MATH_ONLIST_OPERATOR_RANDOM": "dropdown - This choose an element at random from a list.  Each element is chosen with equal probability.",
    "MATH_ONLIST_TOOLTIP_RANDOM": "tooltip - Please use same term for 'random' as in previous entry.",
    "MATH_MODULO_HELPURL": "url - information about the modulo (remainder) operation.",
    "MATH_MODULO_TITLE": "block text - Title of block providing the remainder when dividing the first numerical input by the second.  For example, the remainder of 10 divided by 3 is 1.\n\nParameters:\n* %1 - the dividend (10, in our example)\n* %2 - the divisor (3 in our example).",
    "MATH_MODULO_TOOLTIP": "tooltip - For example, the remainder of 10 divided by 3 is 1.",
    "MATH_CONSTRAIN_HELPURL": "url - Information about constraining a numeric value to be in a specific range.  (The English URL is not ideal.  Recall that translating URLs is the lowest priority.)",
    "MATH_CONSTRAIN_TITLE": "block text - The title of the block that '''constrain'''s (forces) a number to be in a given range.",
    "MATH_CONSTRAIN_TOOLTIP": "tooltip - This compares a number x to a low value L and a high value H.  If x is less then L, the result is L.  If x is greater than H, the result is H.  Otherwise, the result is x.",
    "MATH_RANDOM_INT_HELPURL": "url - Information about how computers generate random numbers.",
    "MATH_RANDOM_INT_TITLE": "block text - The title of the block that generates a random integer (whole number) in the specified range.  For example, if the range is from 5 to 7, this returns 5, 6, or 7 with equal likelihood. %1 is a placeholder for the lower number, %2 is the placeholder for the larger number.",
    "MATH_RANDOM_INT_TOOLTIP": "tooltip - Return a random integer between two values specified as inputs.  For example, if one input was 7 and another 9, any of the numbers 7, 8, or 9 could be output.",
    "MATH_RANDOM_FLOAT_HELPURL": "url - Information about how computers generate random numbers (specifically, numbers in the range from 0 to just below 1).",
    "MATH_RANDOM_FLOAT_TITLE_RANDOM": "block text - The title of the block that generates a random number greater than or equal to 0 and less than 1.",
    "MATH_RANDOM_FLOAT_TOOLTIP": "tooltip - Return a random integer between two values specified as inputs.  For example, if one input was 7 and another 9, any of the numbers 7, 8, or 9 could be output.",
    "TEXT_TEXT_HELPURL": "url - Information about how computers represent text (sometimes referred to as ''string''s).",
    "TEXT_TEXT_TOOLTIP": "tooltip - See [https://code.google.com/p/blockly/wiki/Text#Introduction https://code.google.com/p/blockly/wiki/Text#Introduction].",
    "TEXT_JOIN_HELPURL": "url - Information on concatenating/appending pieces of text.",
    "TEXT_JOIN_TITLE_CREATEWITH": "block text - See [https://code.google.com/p/blockly/wiki/Text#Text_creation https://code.google.com/p/blockly/wiki/Text#Text_creation].",
    "TEXT_JOIN_TOOLTIP": "tooltip - See [https://code.google.com/p/blockly/wiki/Text#Text_creation create text with].",
    "TEXT_CREATE_JOIN_TITLE_JOIN": "block text - See [https://code.google.com/p/blockly/wiki/Text#Text_creation https://code.google.com/p/blockly/wiki/Text#Text_creation], specifically the last picture in the 'Text creation' section.",
    "TEXT_CREATE_JOIN_TOOLTIP": "tooltip - See [https://code.google.com/p/blockly/wiki/Text#Text_creation https://code.google.com/p/blockly/wiki/Text#Text_creation], specifically the last picture in the 'Text creation' section.",
    "TEXT_CREATE_JOIN_ITEM_TITLE_ITEM": "block text - See [https://code.google.com/p/blockly/wiki/Text#Text_creation https://code.google.com/p/blockly/wiki/Text#Text_creation], specifically the last picture in the 'Text creation' section.",
    "TEXT_CREATE_JOIN_ITEM_TOOLTIP": "block text - See [https://code.google.com/p/blockly/wiki/Text#Text_creation https://code.google.com/p/blockly/wiki/Text#Text_creation], specifically the last picture in the 'Text creation' section.",
    "TEXT_APPEND_HELPURL": "url - This and the other text-related URLs are going to be hard to translate.  It is okay to (1) leave in the English-language URL, (2) leave blank, or (3) use a general URL about how computers represent text (such as the translation of [http://en.wikipedia.org/wiki/String_(computer_science) this Wikipedia page]) for all of these URLs.",
    "TEXT_APPEND_TO": "block input text - Text preceding the name of a variable to which text should be appended, as in: Append text 'hello' '''to''' mystring'.  See [https://code.google.com/p/blockly/wiki/Text#Text_modification https://code.google.com/p/blockly/wiki/Text#Text_modification].",
    "TEXT_APPEND_APPENDTEXT": "block input text - Indication that the following piece of text should be appended [to a variable specified earlier] (see [https://code.google.com/p/blockly/wiki/Text#Text_modification Text modification]).",
    "TEXT_APPEND_VARIABLE": "block text - Placeholder for the name of a variable to which text should be appended.  See [https://code.google.com/p/blockly/wiki/Text#Text_modification https://code.google.com/p/blockly/wiki/Text#Text_modification].",
    "TEXT_APPEND_TOOLTIP": "tooltip - See [https://code.google.com/p/blockly/wiki/Text#Text_modification https://code.google.com/p/blockly/wiki/Text#Text_modification].\n\nParameters:\n* %1 - the name of the variable to which text should be appended",
    "TEXT_LENGTH_HELPURL": "url - Information about text on computers (usually referred to as 'strings').",
    "TEXT_LENGTH_TITLE": "block text - See [https://code.google.com/p/blockly/wiki/Text#Text_length https://code.google.com/p/blockly/wiki/Text#Text_length]. \n\nParameters:\n* %1 - the piece of text to take the length of",
    "TEXT_LENGTH_TOOLTIP": "tooltip - See [https://code.google.com/p/blockly/wiki/Text#Text_length https://code.google.com/p/blockly/wiki/Text#Text_length].",
    "TEXT_ISEMPTY_HELPURL": "url - Information about empty pieces of text on computers (usually referred to as 'empty strings').",
    "TEXT_ISEMPTY_TITLE": "block text - See [https://code.google.com/p/blockly/wiki/Text#Checking_for_empty_text https://code.google.com/p/blockly/wiki/Text#Checking_for_empty_text]. \n\nParameters:\n* %1 - the piece of text to test for emptiness",
    "TEXT_ISEMPTY_TOOLTIP": "tooltip - See [https://code.google.com/p/blockly/wiki/Text#Checking_for_empty_text https://code.google.com/p/blockly/wiki/Text#Checking_for_empty_text].",
    "TEXT_INDEXOF_HELPURL": "url - Information about finding a character in a piece of text.",
    "TEXT_INDEXOF_TOOLTIP": "tooltip - See [https://code.google.com/p/blockly/wiki/Text#Finding_text https://code.google.com/p/blockly/wiki/Text#Finding_text].",
    "TEXT_INDEXOF_INPUT_INTEXT": "block text - Title of blocks allowing users to find text.  See [https://code.google.com/p/blockly/wiki/Text#Finding_text https://code.google.com/p/blockly/wiki/Text#Finding_text].",
    "TEXT_INDEXOF_OPERATOR_FIRST": "dropdown - See [https://code.google.com/p/blockly/wiki/Text#Finding_text https://code.google.com/p/blockly/wiki/Text#Finding_text].",
    "TEXT_INDEXOF_OPERATOR_LAST": "dropdown - See [https://code.google.com/p/blockly/wiki/Text#Finding_text https://code.google.com/p/blockly/wiki/Text#Finding_text].",
    "TEXT_INDEXOF_TAIL": "block text - Optional text to follow the rightmost block in a [https://code.google.com/p/blockly/wiki/Text#Finding_text https://code.google.com/p/blockly/wiki/Text#Finding_text in text ... find block]. This will be the empty string in most languages.",
    "TEXT_CHARAT_HELPURL": "url - Information about extracting characters (letters, number, symbols, etc.) from text.",
    "TEXT_CHARAT_INPUT_INTEXT": "block text - Appears before the piece of text from which a letter (or number, punctuation character, etc.) should be extracted, as in: get first letter '''in text''' 'hello'.  See [https://code.google.com/p/blockly/wiki/Text#Extracting_a_single_character https://code.google.com/p/blockly/wiki/Text#Extracting_a_single_character].",
    "TEXT_CHARAT_FROM_START": "dropdown - Indicates that the letter (or number, punctuation character, etc.) with the specified index should be obtained from the preceding piece of text.  See [https://code.google.com/p/blockly/wiki/Text#Extracting_a_single_character https://code.google.com/p/blockly/wiki/Text#Extracting_a_single_character].",
    "TEXT_CHARAT_FROM_END": "block text - Indicates that the letter (or number, punctuation character, etc.) with the specified index from the end of a given piece of text should be obtained. See [https://code.google.com/p/blockly/wiki/Text#Extracting_text https://code.google.com/p/blockly/wiki/Text#Extracting_text].",
    "TEXT_CHARAT_FIRST": "block text - Indicates that the first letter of the following piece of text should be retrieved (see [indicates that the first letter of the following piece of text should be retrieved.  See [https://code.google.com/p/blockly/wiki/Text#Extracting_a_single_character https://code.google.com/p/blockly/wiki/Text#Extracting_a_single_character].",
    "TEXT_CHARAT_LAST": "block text - Indicates that the last letter (or number, punctuation mark, etc.) of the following piece of text should be retrieved.  See [https://code.google.com/p/blockly/wiki/Text#Extracting_a_single_character https://code.google.com/p/blockly/wiki/Text#Extracting_a_single_character].",
    "TEXT_CHARAT_RANDOM": "block text - Indicates that any letter (or number, punctuation mark, etc.) in the following piece of text should be randomly selected.  See [https://code.google.com/p/blockly/wiki/Text#Extracting_a_single_character https://code.google.com/p/blockly/wiki/Text#Extracting_a_single_character].",
    "TEXT_CHARAT_TOOLTIP": "tooltip - See [https://code.google.com/p/blockly/wiki/Text#Extracting_a_single_character https://code.google.com/p/blockly/wiki/Text#Extracting_a_single_character].",
    "TEXT_SUBSTRING_TOOLTIP": "See [https://code.google.com/p/blockly/wiki/Text#Extracting_a_region_of_text https://code.google.com/p/blockly/wiki/Text#Extracting_a_region_of_text].",
    "TEXT_SUBSTRING_HELPURL": "url - Information about extracting characters from text.  Reminder: urls are the lowest priority translations.  Feel free to leave blank.",
    "TEXT_SUBSTRING_INPUT_IN_TEXT": "block text - Precedes a piece of text from which a portion should be extracted.",
    "TEXT_GET_SUBSTRING_START_FROM_START": "dropdown - Indicates that the following number specifies the position (relative to the start position) of the beginning of the region of text that should be obtained from the preceding piece of text.  See [https://code.google.com/p/blockly/wiki/Text#Extracting_a_region_of_text https://code.google.com/p/blockly/wiki/Text#Extracting_a_region_of_text].",
    "TEXT_GET_SUBSTRING_START_FROM_END": "dropdown - Indicates that the following number specifies the position (relative to the end position) of the beginning of the region of text that should be obtained from the preceding piece of text.  See [https://code.google.com/p/blockly/wiki/Text#Extracting_a_region_of_text https://code.google.com/p/blockly/wiki/Text#Extracting_a_region_of_text].",
    "TEXT_GET_SUBSTRING_START_FIRST": "block text - Indicates that a region starting with the first letter of the preceding piece of text should be extracted.  See [https://code.google.com/p/blockly/wiki/Text#Extracting_a_region_of_text https://code.google.com/p/blockly/wiki/Text#Extracting_a_region_of_text].",
    "TEXT_GET_SUBSTRING_END_FROM_START": "dropdown - Indicates that the following number specifies the position (relative to the start position) of the end of the region of text that should be obtained from the preceding piece of text.  See [https://code.google.com/p/blockly/wiki/Text#Extracting_a_region_of_text https://code.google.com/p/blockly/wiki/Text#Extracting_a_region_of_text].",
    "TEXT_GET_SUBSTRING_END_FROM_END": "dropdown - Indicates that the following number specifies the position (relative to the end position) of the end of the region of text that should be obtained from the preceding piece of text.  See [https://code.google.com/p/blockly/wiki/Text#Extracting_a_region_of_text https://code.google.com/p/blockly/wiki/Text#Extracting_a_region_of_text].  In most languages, this will be the same as {{msg-blockly|TEXT_GET_SUBLIST_START_FROM_START1}}.",
    "TEXT_GET_SUBSTRING_END_LAST": "block text - Indicates that a region ending with the last letter of the preceding piece of text should be extracted.  See [https://code.google.com/p/blockly/wiki/Text#Extracting_a_region_of_text https://code.google.com/p/blockly/wiki/Text#Extracting_a_region_of_text].",
    "TEXT_CHANGECASE_HELPURL": "url - Information about the case of letters (upper-case and lower-case).",
    "TEXT_CHANGECASE_TOOLTIP": "tooltip - Describes a block to adjust the case of letters.  For more information on this block, see [https://code.google.com/p/blockly/wiki/Text#Adjusting_text_case https://code.google.com/p/blockly/wiki/Text#Adjusting_text_case].",
    "TEXT_CHANGECASE_OPERATOR_UPPERCASE": "block text - Indicates that all of the letters in the following piece of text should be capitalized.  If your language does not use case, you may indicate that this is not applicable to your language.  For more information on this block, see [https://code.google.com/p/blockly/wiki/Text#Adjusting_text_case https://code.google.com/p/blockly/wiki/Text#Adjusting_text_case].",
    "TEXT_CHANGECASE_OPERATOR_LOWERCASE": "block text - Indicates that all of the letters in the following piece of text should be converted to lower-case.  If your language does not use case, you may indicate that this is not applicable to your language.  For more information on this block, see [https://code.google.com/p/blockly/wiki/Text#Adjusting_text_case https://code.google.com/p/blockly/wiki/Text#Adjusting_text_case].",
    "TEXT_CHANGECASE_OPERATOR_TITLECASE": "block text - Indicates that the first letter of each of the following words should be capitalized and the rest converted to lower-case.  If your language does not use case, you may indicate that this is not applicable to your language.  For more information on this block, see [https://code.google.com/p/blockly/wiki/Text#Adjusting_text_case https://code.google.com/p/blockly/wiki/Text#Adjusting_text_case].",
    "TEXT_TRIM_HELPURL": "url - Information about trimming (removing) text off the beginning and ends of pieces of text.",
    "TEXT_TRIM_TOOLTIP": "tooltip - See [https://code.google.com/p/blockly/wiki/Text#Trimming_(removing)_spaces https://code.google.com/p/blockly/wiki/Text#Trimming_(removing)_spaces].",
    "TEXT_TRIM_OPERATOR_BOTH": "dropdown - Removes spaces from the beginning and end of a piece of text.  See [https://code.google.com/p/blockly/wiki/Text#Trimming_(removing)_spaces https://code.google.com/p/blockly/wiki/Text#Trimming_(removing)_spaces].",
    "TEXT_TRIM_OPERATOR_LEFT": "dropdown - Removes spaces from the beginning of a piece of text.  See [https://code.google.com/p/blockly/wiki/Text#Trimming_(removing)_spaces https://code.google.com/p/blockly/wiki/Text#Trimming_(removing)_spaces].",
    "TEXT_TRIM_OPERATOR_RIGHT": "dropdown - Removes spaces from the end of a piece of text.  See [https://code.google.com/p/blockly/wiki/Text#Trimming_(removing)_spaces https://code.google.com/p/blockly/wiki/Text#Trimming_(removing)_spaces].",
    "TEXT_PRINT_HELPURL": "url - Information about displaying text on computers.",
    "TEXT_PRINT_TITLE": "block text - Display the input on the screen.  See [https://code.google.com/p/blockly/wiki/Text#Printing_text https://code.google.com/p/blockly/wiki/Text#Printing_text]. \n\nParameters:\n* %1 - the value to print",
    "TEXT_PRINT_TOOLTIP": "tooltip - See [https://code.google.com/p/blockly/wiki/Text#Printing_text https://code.google.com/p/blockly/wiki/Text#Printing_text].",
    "TEXT_PROMPT_HELPURL": "url - Information about getting text from users.",
    "TEXT_PROMPT_TYPE_TEXT": "dropdown - Specifies that a piece of text should be requested from the user with the following message.  See [https://code.google.com/p/blockly/wiki/Text#Printing_text https://code.google.com/p/blockly/wiki/Text#Printing_text].",
    "TEXT_PROMPT_TYPE_NUMBER": "dropdown - Specifies that a number should be requested from the user with the following message.  See [https://code.google.com/p/blockly/wiki/Text#Printing_text https://code.google.com/p/blockly/wiki/Text#Printing_text].",
    "TEXT_PROMPT_TOOLTIP_NUMBER": "dropdown - Precedes the message with which the user should be prompted for a number.  See [https://code.google.com/p/blockly/wiki/Text#Printing_text https://code.google.com/p/blockly/wiki/Text#Printing_text].",
    "TEXT_PROMPT_TOOLTIP_TEXT": "dropdown - Precedes the message with which the user should be prompted for some text.  See [https://code.google.com/p/blockly/wiki/Text#Printing_text https://code.google.com/p/blockly/wiki/Text#Printing_text].",
    "LISTS_CREATE_EMPTY_HELPURL": "url - Information on empty lists.",
    "LISTS_CREATE_EMPTY_TITLE": "block text - See [https://code.google.com/p/blockly/wiki/Lists#create_empty_list https://code.google.com/p/blockly/wiki/Lists#create_empty_list].",
    "LISTS_CREATE_EMPTY_TOOLTIP": "block text - See [https://code.google.com/p/blockly/wiki/Lists#create_empty_list https://code.google.com/p/blockly/wiki/Lists#create_empty_list].",
    "LISTS_CREATE_WITH_TOOLTIP": "tooltip - See [https://code.google.com/p/blockly/wiki/Lists#create_list_with https://code.google.com/p/blockly/wiki/Lists#create_list_with].",
    "LISTS_CREATE_WITH_INPUT_WITH": "block text - See [https://code.google.com/p/blockly/wiki/Lists#create_list_with https://code.google.com/p/blockly/wiki/Lists#create_list_with].",
    "LISTS_CREATE_WITH_CONTAINER_TITLE_ADD": "block text - This appears in a sub-block when [https://code.google.com/p/blockly/wiki/Lists#changing_number_of_inputs changing the number of inputs in a ''''create list with'''' block].",
    "LISTS_CREATE_WITH_CONTAINER_TOOLTIP": "tooltip - See [https://code.google.com/p/blockly/wiki/Lists#changing_number_of_inputs https://code.google.com/p/blockly/wiki/Lists#changing_number_of_inputs].",
    "LISTS_CREATE_WITH_ITEM_TITLE": "block text - This appears in a sub-block when [https://code.google.com/p/blockly/wiki/Lists#changing_number_of_inputs changing the number of inputs in a ''''create list with'''' block].",
    "LISTS_CREATE_WITH_ITEM_TOOLTIP": "tooltip - See [https://code.google.com/p/blockly/wiki/Lists#changing_number_of_inputs https://code.google.com/p/blockly/wiki/Lists#changing_number_of_inputs].",
    "LISTS_REPEAT_HELPURL": "url - Information about [https://code.google.com/p/blockly/wiki/Lists#create_list_with creating a list with multiple copies of a single item].",
    "LISTS_REPEAT_TOOLTIP": "url - See [https://code.google.com/p/blockly/wiki/Lists#create_list_with creating a list with multiple copies of a single item].",
    "LISTS_REPEAT_TITLE": "block text - See [https://code.google.com/p/blockly/wiki/Lists#create_list_with https://code.google.com/p/blockly/wiki/Lists#create_list_with].",
    "LISTS_LENGTH_HELPURL": "url - Information about how the length of a list is computed (i.e., by the total number of elements, not the number of different elements).",
    "LISTS_LENGTH_TITLE": "block text - See [https://code.google.com/p/blockly/wiki/Lists#length_of https://code.google.com/p/blockly/wiki/Lists#length_of]. \n\nParameters:\n* %1 - the list whose length is desired",
    "LISTS_LENGTH_TOOLTIP": "tooltip - See [https://code.google.com/p/blockly/wiki/Lists#length_of https://code.google.com/p/blockly/wiki/Lists#length_of Blockly:Lists:length of].",
    "LISTS_IS_EMPTY_HELPURL": "url - See [https://code.google.com/p/blockly/wiki/Lists#is_empty https://code.google.com/p/blockly/wiki/Lists#is_empty].",
    "LISTS_IS_EMPTY_TITLE": "block text - See [https://code.google.com/p/blockly/wiki/Lists#is_empty https://code.google.com/p/blockly/wiki/Lists#is_empty]. Note: If your language (such as Hungarian) puts a suffix after lists [{{msg-blockly|LIST_SUFFIX}}], you must explicitly include it here. If you don't understand this detail, don't worry about it. \n\nParameters:\n* %1 - the list to test",
    "LISTS_TOOLTIP": "block tooltip - See [https://code.google.com/p/blockly/wiki/Lists#is_empty https://code.google.com/p/blockly/wiki/Lists#is_empty].",
    "LISTS_INLIST": "block text - Title of blocks operating on [https://code.google.com/p/blockly/wiki/Lists lists].",
    "LISTS_INDEX_OF_HELPURL": "url - See [https://code.google.com/p/blockly/wiki/Lists#Getting_Items_from_a_List https://code.google.com/p/blockly/wiki/Lists#Getting_Items_from_a_List].",
    "LISTS_INDEX_OF_FIRST": "dropdown - See [https://code.google.com/p/blockly/wiki/Lists#Finding_Items_in_a_List Lists#Finding_Items_in_a_List].",
    "LISTS_INDEX_OF_LAST": "dropdown - See [https://code.google.com/p/blockly/wiki/Lists#Finding_Items_in_a_List Lists#Finding_Items_in_a_List].",
    "LISTS_INDEX_OF_TOOLTIP": "dropdown - See [https://code.google.com/p/blockly/wiki/Lists#Finding_Items_in_a_List Lists#Finding_Items_in_a_List].",
    "LISTS_GET_INDEX_GET": "dropdown - Indicates that the user wishes to [https://code.google.com/p/blockly/wiki/Lists#Getting_a_single_item get an item from a list] without removing it from the list.",
    "LISTS_GET_INDEX_GET_REMOVE": "dropdown - Indicates that the user wishes to [https://code.google.com/p/blockly/wiki/Lists#Getting_a_single_item get and remove an item from a list], as opposed to merely getting it without modifying the list.",
    "LISTS_GET_INDEX_REMOVE": "dropdown - Indicates that the user wishes to [https://code.google.com/p/blockly/wiki/Lists#Removing_an_item remove an item from a list].",
    "LISTS_GET_INDEX_FROM_START": "dropdown - Indicates that an index relative to the front of the list should be used to [https://code.google.com/p/blockly/wiki/Lists#Getting_a_single_item retrieve an item from a list].",
    "LISTS_GET_INDEX_FROM_END": "dropdown - Indicates that an index relative to the end of the list should be used to [https://code.google.com/p/blockly/wiki/Lists#Getting_a_single_item access an item in a list].",
    "LISTS_GET_INDEX_FIRST": "dropdown - Indicates that the '''first''' item should be [https://code.google.com/p/blockly/wiki/Lists#Getting_a_single_item accessed in a list].",
    "LISTS_GET_INDEX_LAST": "dropdown - Indicates that the '''last''' item should be [https://code.google.com/p/blockly/wiki/Lists#Getting_a_single_item accessed in a list].",
    "LISTS_GET_INDEX_RANDOM": "dropdown - Indicates that a '''random''' item should be [https://code.google.com/p/blockly/wiki/Lists#Getting_a_single_item accessed in a list].",
    "LISTS_GET_INDEX_TOOLTIP_GET_FROM_START": "tooltip - See [https://code.google.com/p/blockly/wiki/Lists#Getting_a_single_item].",
    "LISTS_GET_INDEX_TOOLTIP_GET_FROM_END": "tooltip - See [https://code.google.com/p/blockly/wiki/Lists#Getting_a_single_item].",
    "LISTS_GET_INDEX_TOOLTIP_GET_FIRST": "tooltip - See [https://code.google.com/p/blockly/wiki/Lists#Getting_a_single_item].",
    "LISTS_GET_INDEX_TOOLTIP_GET_LAST": "tooltip - See [https://code.google.com/p/blockly/wiki/Lists#Getting_a_single_item].",
    "LISTS_GET_INDEX_TOOLTIP_GET_RANDOM": "tooltip - See [https://code.google.com/p/blockly/wiki/Lists#Getting_a_single_item].",
    "LISTS_GET_INDEX_TOOLTIP_GET_REMOVE_FROM_START": "tooltip - See [https://code.google.com/p/blockly/wiki/Lists#Getting_and_removing_an_item] (for get/remove and return) and  [https://code.google.com/p/blockly/wiki/Lists#Getting_a_single_item] for '# from start'.",
    "LISTS_GET_INDEX_TOOLTIP_GET_REMOVE_FROM_END": "tooltip - See [https://code.google.com/p/blockly/wiki/Lists#Getting_and_removing_an_item] (for get/remove and return) and [https://code.google.com/p/blockly/wiki/Lists#Getting_a_single_item] for '# from end'.",
    "LISTS_GET_INDEX_TOOLTIP_GET_REMOVE_FIRST": "tooltip - See [https://code.google.com/p/blockly/wiki/Lists#Getting_and_removing_an_item] (for get/remove and return) and [https://code.google.com/p/blockly/wiki/Lists#Getting_a_single_item] for 'first'.",
    "LISTS_GET_INDEX_TOOLTIP_GET_REMOVE_LAST": "tooltip - See [https://code.google.com/p/blockly/wiki/Lists#Getting_and_removing_an_item] (for get/remove and return) and [https://code.google.com/p/blockly/wiki/Lists#Getting_a_single_item] for 'last'.",
    "LISTS_GET_INDEX_TOOLTIP_GET_REMOVE_RANDOM": "tooltip - See [https://code.google.com/p/blockly/wiki/Lists#Getting_and_removing_an_item] (for get/remove and return) and [https://code.google.com/p/blockly/wiki/Lists#Getting_a_single_item] for 'random'.",
    "LISTS_GET_INDEX_TOOLTIP_REMOVE_FROM_START": "tooltip - See [https://code.google.com/p/blockly/wiki/Lists#Getting_and_removing_an_item] (for get/remove and return) and [https://code.google.com/p/blockly/wiki/Lists#Getting_a_single_item] for '# from start'.",
    "LISTS_GET_INDEX_TOOLTIP_REMOVE_FROM_END": "tooltip - See [https://code.google.com/p/blockly/wiki/Lists#Getting_and_removing_an_item] (for remove and return) and [https://code.google.com/p/blockly/wiki/Lists#Getting_a_single_item] for '# from end'.",
    "LISTS_GET_INDEX_TOOLTIP_REMOVE_FIRST": "tooltip - See [https://code.google.com/p/blockly/wiki/Lists#Getting_and_removing_an_item] (for remove and return) and [https://code.google.com/p/blockly/wiki/Lists#Getting_a_single_item] for 'first'.",
    "LISTS_GET_INDEX_TOOLTIP_REMOVE_LAST": "tooltip - See [https://code.google.com/p/blockly/wiki/Lists#Getting_and_removing_an_item] (for remove and return) and [https://code.google.com/p/blockly/wiki/Lists#Getting_a_single_item] for 'last'.",
    "LISTS_GET_INDEX_TOOLTIP_REMOVE_RANDOM": "tooltip - See [https://code.google.com/p/blockly/wiki/Lists#Getting_and_removing_an_item] (for remove and return) and [https://code.google.com/p/blockly/wiki/Lists#Getting_a_single_item] for 'random'.",
    "LISTS_SET_INDEX_HELPURL": "url",
    "LISTS_SET_INDEX_SET": "block text - As in: In list [words] '''set''' first as 'a' (which replaces the first element in the list with the piece of text 'a').  See also [https://code.google.com/p/blockly/wiki/Lists#in_list_..._set https://code.google.com/p/blockly/wiki/Lists#in_list_..._set].",
    "LISTS_SET_INDEX_INSERT": "block text - As in: In list [words] '''insert at''' first as 'a' (which inserts the text 'a' before the first element in the list).  See also [https://code.google.com/p/blockly/wiki/Lists#in_list_..._insert_at https://code.google.com/p/blockly/wiki/Lists#in_list_..._insert_at].",
    "LISTS_SET_INDEX_INPUT_TO": "block text - The word preceding the item to be added to a list, as in: In list [words] insert at first '''as''' 'a' (which inserts the piece of text 'a' as the new first element of the list).",
    "LISTS_SET_INDEX_TOOLTIP_SET_FROM_START": "tooltip - See [https://code.google.com/p/blockly/wiki/Lists#Getting_a_single_item} (even though the page describes the 'get' block, the idea is the same for the 'set' block).",
    "LISTS_SET_INDEX_TOOLTIP_SET_FROM_END": "tooltip - See [https://code.google.com/p/blockly/wiki/Lists#Getting_a_single_item} (even though the page describes the 'get' block, the idea is the same for the 'set' block).",
    "LISTS_SET_INDEX_TOOLTIP_SET_FIRST": "tooltip - See [https://code.google.com/p/blockly/wiki/Lists#Getting_a_single_item} (even though the page describes the 'get' block, the idea is the same for the 'set' block).",
    "LISTS_SET_INDEX_TOOLTIP_SET_LAST": "tooltip - See [https://code.google.com/p/blockly/wiki/Lists#Getting_a_single_item} (even though the page describes the 'get' block, the idea is the same for the 'set' block).",
    "LISTS_SET_INDEX_TOOLTIP_SET_RANDOM": "tooltip - See [https://code.google.com/p/blockly/wiki/Lists#Getting_a_single_item} (even though the page describes the 'get' block, the idea is the same for the 'set' block).",
    "LISTS_SET_INDEX_TOOLTIP_INSERT_FROM_START": "tooltip - See [https://code.google.com/p/blockly/wiki/Lists#Getting_a_single_item} (even though the page describes the 'get' block, the idea is the same for the 'set' block).",
    "LISTS_SET_INDEX_TOOLTIP_INSERT_FROM_END": "tooltip - See [https://code.google.com/p/blockly/wiki/Lists#Getting_a_single_item} (even though the page describes the 'get' block, the idea is the same for the 'set' block).",
    "LISTS_SET_INDEX_TOOLTIP_INSERT_FIRST": "tooltip - See [https://code.google.com/p/blockly/wiki/Lists#Getting_a_single_item} (even though the page describes the 'get' block, the idea is the same for the 'set' block).",
    "LISTS_SET_INDEX_TOOLTIP_INSERT_LAST": "tooltip - See [https://code.google.com/p/blockly/wiki/Lists#Getting_a_single_item} (even though the page describes the 'get' block, the idea is the same for the 'set' block).",
    "LISTS_SET_INDEX_TOOLTIP_INSERT_RANDOM": "tooltip - See [https://code.google.com/p/blockly/wiki/Lists#Getting_a_single_item} (even though the page describes the 'get' block, the idea is the same for the 'set' block).",
    "LISTS_GET_SUBLIST_HELPURL": "url",
    "LISTS_GET_SUBLIST_START_FROM_START": "dropdown - Indicates that an index relative to the front of the list should be used to specify the beginning of the range from which to [https://code.google.com/p/blockly/wiki/Lists#Getting_a_sublist get a sublist].",
    "LISTS_GET_SUBLIST_START_FROM_END": "dropdown - Indicates that an index relative to the end of the list should be used to specify the beginning of the range from which to [https://code.google.com/p/blockly/wiki/Lists#Getting_a_sublist get a sublist].",
    "LISTS_GET_SUBLIST_START_FIRST": "dropdown - Indicates that the [https://code.google.com/p/blockly/wiki/Lists#Getting_a_sublist sublist to extract] should begin with the list's first item.",
    "LISTS_GET_SUBLIST_END_FROM_START": "dropdown - Indicates that an index relative to the front of the list should be used to specify the end of the range from which to [https://code.google.com/p/blockly/wiki/Lists#Getting_a_sublist get a sublist].",
    "LISTS_GET_SUBLIST_END_FROM_END": "dropdown - Indicates that an index relative to the end of the list should be used to specify the end of the range from which to [https://code.google.com/p/blockly/wiki/Lists#Getting_a_sublist get a sublist].",
    "LISTS_GET_SUBLIST_END_LAST": "dropdown - Indicates that the '''last''' item should be [https://code.google.com/p/blockly/wiki/Lists#Getting_a_single_item accessed in a list].",
    "LISTS_GET_SUBLIST_TOOLTIP": "dropdown - Indicates that a '''random''' item should be [https://code.google.com/p/blockly/wiki/Lists#Getting_a_single_item accessed in a list]. tooltip - See [https://code.google.com/p/blockly/wiki/Lists#Getting_a_sublist].",
    "VARIABLES_DEFAULT_NAME": "default name - A simple, general default name for a variable, preferably short.",
    "ORDINAL_NUMBER_SUFFIX": "grammar - Text that follows an ordinal number (a number that indicates position relative to other numbers).  In most languages, such text appears before the number, so this should be blank.  An exception is Hungarian. See [http://blockly-share.appspot.com/static/apps/code/readonly.html?lang=en&xml=%3Cblock%20type%3D%22lists_getIndex%22%20inline%3D%22true%22%20x%3D%2227%22%20y%3D%2232%22%3E%3Cmutation%20statement%3D%22false%22%20at%3D%22true%22%3E%3C%2Fmutation%3E%3Ctitle%20name%3D%22MODE%22%3EGET%3C%2Ftitle%3E%3Ctitle%20name%3D%22WHERE%22%3EFROM_START%3C%2Ftitle%3E%3Cvalue%20name%3D%22VALUE%22%3E%3Cblock%20type%3D%22variables_get%22%3E%3Ctitle%20name%3D%22VAR%22%3Elist%3C%2Ftitle%3E%3C%2Fblock%3E%3C%2Fvalue%3E%3Cvalue%20name%3D%22AT%22%3E%3Cblock%20type%3D%22math_number%22%3E%3Ctitle%20name%3D%22NUM%22%3E5%3C%2Ftitle%3E%3C%2Fblock%3E%3C%2Fvalue%3E%3C%2Fblock%3E this example], where English uses the prefix '#' before the number instead of having anything follow it.",
    "VARIABLES_GET_HELPURL": "url - Information about ''variables'' in computer programming.  Consider using your language's translation of [http://en.wikipedia.org/wiki/Variable_(computer_science) http://en.wikipedia.org/wiki/Variable_(computer_science)], if it exists.",
    "VARIABLES_GET_TITLE": "block text - This precedes the name of a variable when getting its values.  In most (all?) languages, it should be the empty string.  If unsure, ask yourself if any word should go before 'x' in the expression 'x + 1'.",
    "VARIABLES_GET_TAIL": "block text - This follows the name of a variable.  In most (all?) languages, it should be the empty string.  If unsure, ask yourself if any word should go after 'x' in the expression 'x + 1'.",
    "VARIABLES_GET_TOOLTIP": "tooltip - This gets the value of the named variable without modifying it.",
    "VARIABLES_GET_CREATE_SET": "context menu - Selecting this causes the creation of a block to set (change) the value of this variable.\n\nParameters:\n* %1 - the name of the variable.",
    "VARIABLES_SET_HELPURL": "url - Information about ''variables'' in computer programming.  Consider using your language's translation of [http://en.wikipedia.org/wiki/Variable_(computer_science) http://en.wikipedia.org/wiki/Variable_(computer_science)], if it exists.",
    "VARIABLES_SET_TITLE": "block text - The imperative or infinitive form of the verb 'set', as in: '''set''' [the value of] x to 7.",
    "VARIABLES_SET_TAIL": "block text - The word that goes after the name of the variable and its new value in: set [the value of] x '''to''' 7.",
    "VARIABLES_SET_TOOLTIP": "tooltip - This initializes or changes the value of the named variable.",
    "VARIABLES_SET_CREATE_GET": "context menu - Selecting this causes the creation of a block to get (change) the value of this variable.\n\nParameters:\n* %1 - the name of the variable.",
    "PROCEDURES_DEFNORETURN_HELPURL": "url - Information about defining [http://en.wikipedia.org/wiki/Procedure_(computer_science) functions] that do not have return values.",
    "PROCEDURES_DEFNORETURN_TITLE": "block text - This precedes the name of the proccedure when defining it.  See [http://blockly-share.appspot.com/static/apps/code/readonly.html?lang=en_us&xml=%3Cblock%20type%3D%22procedures_defnoreturn%22%20x%3D%22-10%22%20y%3D%2213%22%3E%3Cmutation%3E%3C%2Fmutation%3E%3Ctitle%20name%3D%22NAME%22%3Ehave%20dinner%3C%2Ftitle%3E%3Cstatement%20name%3D%22STACK%22%3E%3Cblock%20type%3D%22procedures_callnoreturn%22%3E%3Cmutation%20name%3D%22wash%20hands%22%3E%3C%2Fmutation%3E%3Cnext%3E%3Cblock%20type%3D%22procedures_callnoreturn%22%3E%3Cmutation%20name%3D%22eat%20food%22%3E%3C%2Fmutation%3E%3C%2Fblock%3E%3C%2Fnext%3E%3C%2Fblock%3E%3C%2Fstatement%3E%3C%2Fblock%3E example function definition].",
    "PROCEDURES_DEFNORETURN_PROCEDURE": "default name - This acts as a placeholder for the name of a function on a function definition block, as shown on [http://blockly-share.appspot.com/static/apps/code/readonly.html?xml=%3Cblock%20type%3D%22procedures_defnoreturn%22%3E%3C/block%3E this block].  The user will replace it with the function's name.",
    "PROCEDURES_BEFORE_PARAMS": "block text - This precedes the list of parameters to a function.  See [http://blockly-share.appspot.com/static/apps/code/readonly.html?lang=en&xml=%3Cblock%20type%3D%22procedures_defreturn%22%20inline%3D%22false%22%3E%3Cmutation%3E%3Carg%20name%3D%22x%22%3E%3C%2Farg%3E%3C%2Fmutation%3E%3Ctitle%20name%3D%22NAME%22%3Edouble%20a%20number%3C%2Ftitle%3E%3Cvalue%20name%3D%22RETURN%22%3E%3Cblock%20type%3D%22math_arithmetic%22%20inline%3D%22true%22%3E%3Ctitle%20name%3D%22OP%22%3EADD%3C%2Ftitle%3E%3Cvalue%20name%3D%22A%22%3E%3Cblock%20type%3D%22variables_get%22%3E%3Ctitle%20name%3D%22VAR%22%3Ex%3C%2Ftitle%3E%3C%2Fblock%3E%3C%2Fvalue%3E%3Cvalue%20name%3D%22B%22%3E%3Cblock%20type%3D%22variables_get%22%3E%3Ctitle%20name%3D%22VAR%22%3Ex%3C%2Ftitle%3E%3C%2Fblock%3E%3C%2Fvalue%3E%3C%2Fblock%3E%3C%2Fvalue%3E%3C%2Fblock%3E sample function].",
    "PROCEDURES_DEFNORETURN_DO": "block text - This appears next to the function's 'body', the blocks that should be run when the function is called, as shown in [http://blockly-share.appspot.com/static/apps/code/readonly.html?lang=en_us&xml=%3Cblock%20type%3D%22procedures_defnoreturn%22%20x%3D%22-10%22%20y%3D%2213%22%3E%3Cmutation%3E%3C%2Fmutation%3E%3Ctitle%20name%3D%22NAME%22%3Ehave%20dinner%3C%2Ftitle%3E%3Cstatement%20name%3D%22STACK%22%3E%3Cblock%20type%3D%22procedures_callnoreturn%22%3E%3Cmutation%20name%3D%22wash%20hands%22%3E%3C%2Fmutation%3E%3Cnext%3E%3Cblock%20type%3D%22procedures_callnoreturn%22%3E%3Cmutation%20name%3D%22eat%20food%22%3E%3C%2Fmutation%3E%3C%2Fblock%3E%3C%2Fnext%3E%3C%2Fblock%3E%3C%2Fstatement%3E%3C%2Fblock%3E this example function definition].",
    "PROCEDURES_DEFNORETURN_TOOLTIP": "tooltip",
    "PROCEDURES_DEFRETURN_HELPURL": "url - Information about defining [http://en.wikipedia.org/wiki/Procedure_(computer_science) functions] that have return values.",
    "PROCEDURES_DEFRETURN_RETURN": "block text - This imperative or infinite verb precedes the value that is used as the return value (output) of this function.  See [http://blockly-share.appspot.com/static/apps/code/readonly.html?lang=en&xml=%3Cblock%20type%3D%22procedures_defreturn%22%20inline%3D%22false%22%3E%3Cmutation%3E%3Carg%20name%3D%22x%22%3E%3C%2Farg%3E%3C%2Fmutation%3E%3Ctitle%20name%3D%22NAME%22%3Edouble%20a%20number%3C%2Ftitle%3E%3Cvalue%20name%3D%22RETURN%22%3E%3Cblock%20type%3D%22math_arithmetic%22%20inline%3D%22true%22%3E%3Ctitle%20name%3D%22OP%22%3EADD%3C%2Ftitle%3E%3Cvalue%20name%3D%22A%22%3E%3Cblock%20type%3D%22variables_get%22%3E%3Ctitle%20name%3D%22VAR%22%3Ex%3C%2Ftitle%3E%3C%2Fblock%3E%3C%2Fvalue%3E%3Cvalue%20name%3D%22B%22%3E%3Cblock%20type%3D%22variables_get%22%3E%3Ctitle%20name%3D%22VAR%22%3Ex%3C%2Ftitle%3E%3C%2Fblock%3E%3C%2Fvalue%3E%3C%2Fblock%3E%3C%2Fvalue%3E%3C%2Fblock%3E sample function that returns a numeric value twice as large as its input].",
    "PROCEDURES_DEFRETURN_TOOLTIP": "tooltip",
    "PROCEDURES_DEF_DUPLICATE_WARNING": "alert - The user has created a function with two parameters that have the same name.  Every parameter must have a different name.",
    "PROCEDURES_CALLNORETURN_HELPURL": "url - Information about calling [http://en.wikipedia.org/wiki/Procedure_(computer_science) functions] that do not return values.",
    "PROCEDURES_CALLNORETURN_CALL": "block text - In most (if not all) languages, this will be the empty string.  It precedes the name of the function that should be run.  See, for example, the 'eat food' block in [http://blockly-share.appspot.com/static/apps/code/readonly.html?lang=en_us&xml=%3Cblock%20type%3D%22procedures_defnoreturn%22%20x%3D%22-10%22%20y%3D%2213%22%3E%3Cmutation%3E%3C%2Fmutation%3E%3Ctitle%20name%3D%22NAME%22%3Ehave%20dinner%3C%2Ftitle%3E%3Cstatement%20name%3D%22STACK%22%3E%3Cblock%20type%3D%22procedures_callnoreturn%22%3E%3Cmutation%20name%3D%22wash%20hands%22%3E%3C%2Fmutation%3E%3Cnext%3E%3Cblock%20type%3D%22procedures_callnoreturn%22%3E%3Cmutation%20name%3D%22eat%20food%22%3E%3C%2Fmutation%3E%3C%2Fblock%3E%3C%2Fnext%3E%3C%2Fblock%3E%3C%2Fstatement%3E%3C%2Fblock%3E this function definition].",
    "PROCEDURES_CALLNORETURN_TOOLTIP": "tooltip - This block causes the body (blocks inside) of the named function definition to be run.",
    "PROCEDURES_CALLRETURN_HELPURL": "url - Information about calling [http://en.wikipedia.org/wiki/Procedure_(computer_science) functions] that return values.",
    "PROCEDURES_CALLRETURN_TOOLTIP": "tooltip - This block causes the body (blocks inside) of the named function definition to be run.\n\nParameters:\n* %1 - the name of the function.",
    "PROCEDURES_MUTATORCONTAINER_TITLE": "block text - This text appears on a block in a window that appears when the user clicks on the plus sign or star on [http://blockly-share.appspot.com/static/apps/code/readonly.html?xml=%3Cblock%20type%3D%22procedures_defnoreturn%22%3E%3C/block%3E a function definition block].  It refers to the set of parameters (referred to by the simpler term 'inputs') to the function.  See [http://translatewiki.net/wiki/Translating:Blockly#function_definitions this discussion].",
    "PROCEDURES_MUTATORARG_TITLE": "block text - This text appears on a block in a window that appears when the user clicks on the plus sign or star on [http://blockly-share.appspot.com/static/apps/code/readonly.html?xml=%3Cblock%20type%3D%22procedures_defnoreturn%22%3E%3C/block%3E a function definition block].  It appears on the block for adding an individual parameter (referred to by the simpler term 'inputs') to the function.  See [http://translatewiki.net/wiki/Translating:Blockly#function_definitions this discussion].",
    "PROCEDURES_HIGHLIGHT_DEF": "context menu - This appears on the context menu for function calls.  Selecting it causes the corresponding function definition to be highlighted.",
    "PROCEDURES_CREATE_DO": "context menu - This appears on the context menu for function definitions.  Selecting it creates a block to call the function.  \n\nParameters:\n* %1 - the name of the function.",
    "PROCEDURES_IFRETURN_TOOLTIP": "tooltip - If the first value is true, [http://blockly-share.appspot.com/static/apps/code/readonly.html?lang=en&xml=%3Cblock%20type%3D%22procedures_ifreturn%22%20inline%3D%22true%22%20x%3D%2278%22%20y%3D%22119%22%3E%3Cmutation%20value%3D%221%22%3E%3C%2Fmutation%3E%3Cvalue%20name%3D%22CONDITION%22%3E%3Cblock%20type%3D%22logic_compare%22%20inline%3D%22true%22%3E%3Ctitle%20name%3D%22OP%22%3ELT%3C%2Ftitle%3E%3Cvalue%20name%3D%22A%22%3E%3Cblock%20type%3D%22variables_get%22%3E%3Ctitle%20name%3D%22VAR%22%3Ex%3C%2Ftitle%3E%3C%2Fblock%3E%3C%2Fvalue%3E%3Cvalue%20name%3D%22B%22%3E%3Cblock%20type%3D%22math_number%22%3E%3Ctitle%20name%3D%22NUM%22%3E0%3C%2Ftitle%3E%3C%2Fblock%3E%3C%2Fvalue%3E%3C%2Fblock%3E%3C%2Fvalue%3E%3Cvalue%20name%3D%22VALUE%22%3E%3Cblock%20type%3D%22math_number%22%3E%3Ctitle%20name%3D%22NUM%22%3E0%3C%2Ftitle%3E%3C%2Fblock%3E%3C%2Fvalue%3E%3C%2Fblock%3E this block] causes the second value to be returned immediately from the function.",
    "PROCEDURES_IFRETURN_WARNING": "warning - This appears if the user tries to use [http://blockly-share.appspot.com/static/apps/code/readonly.html?lang=en&xml=%3Cblock%20type%3D%22procedures_ifreturn%22%20inline%3D%22true%22%20x%3D%2278%22%20y%3D%22119%22%3E%3Cmutation%20value%3D%221%22%3E%3C%2Fmutation%3E%3Cvalue%20name%3D%22CONDITION%22%3E%3Cblock%20type%3D%22logic_compare%22%20inline%3D%22true%22%3E%3Ctitle%20name%3D%22OP%22%3ELT%3C%2Ftitle%3E%3Cvalue%20name%3D%22A%22%3E%3Cblock%20type%3D%22variables_get%22%3E%3Ctitle%20name%3D%22VAR%22%3Ex%3C%2Ftitle%3E%3C%2Fblock%3E%3C%2Fvalue%3E%3Cvalue%20name%3D%22B%22%3E%3Cblock%20type%3D%22math_number%22%3E%3Ctitle%20name%3D%22NUM%22%3E0%3C%2Ftitle%3E%3C%2Fblock%3E%3C%2Fvalue%3E%3C%2Fblock%3E%3C%2Fvalue%3E%3Cvalue%20name%3D%22VALUE%22%3E%3Cblock%20type%3D%22math_number%22%3E%3Ctitle%20name%3D%22NUM%22%3E0%3C%2Ftitle%3E%3C%2Fblock%3E%3C%2Fvalue%3E%3C%2Fblock%3E this block] outside of a function definition."
}
