{"PROCEDURES_DEFRETURN_TITLE": "PROCEDURES_DEFNORETURN_TITLE", "CONTROLS_IF_IF_TITLE_IF": "CONTROLS_IF_MSG_IF", "CONTROLS_WHILEUNTIL_INPUT_DO": "CONTROLS_REPEAT_INPUT_DO", "CONTROLS_IF_MSG_THEN": "CONTROLS_REPEAT_INPUT_DO", "PROCEDURES_CALLRETURN_CALL": "PROCEDURES_CALLNORETURN_CALL", "CONTROLS_IF_ELSE_TITLE_ELSE": "CONTROLS_IF_MSG_ELSE", "PROCEDURES_DEFRETURN_PROCEDURE": "PROCEDURES_DEFNORETURN_PROCEDURE", "LISTS_GET_SUBLIST_INPUT_IN_LIST": "LISTS_INLIST", "LISTS_GET_INDEX_INPUT_IN_LIST": "LISTS_INLIST", "CONTROLS_IF_ELSEIF_TITLE_ELSEIF": "CONTROLS_IF_MSG_ELSEIF", "VARIABLES_SET_ITEM": "VARIABLES_DEFAULT_NAME", "PROCEDURES_DEFRETURN_DO": "PROCEDURES_DEFNORETURN_DO", "CONTROLS_FOR_INPUT_DO": "CONTROLS_REPEAT_INPUT_DO", "LISTS_GET_INDEX_HELPURL": "LISTS_INDEX_OF_HELPURL", "CONTROLS_FOREACH_INPUT_DO": "CONTROLS_REPEAT_INPUT_DO", "VARIABLES_GET_ITEM": "VARIABLES_DEFAULT_NAME", "LISTS_INDEX_OF_INPUT_IN_LIST": "LISTS_INLIST", "LISTS_SET_INDEX_INPUT_IN_LIST": "LISTS_INLIST"}