{"DUPLICATE_BLOCK": "複製",
"REMOVE_COMMENT": "移除註解",
"ADD_COMMENT": "加入註解",
"EXTERNAL_INPUTS": "多行輸入",
"INLINE_INPUTS": "單行輸入",
"DELETE_BLOCK": "刪除積木",
"DELETE_X_BLOCKS": "刪除 %1 塊積木",
"COLLAPSE_BLOCK": "收合積木",
"EXPAND_BLOCK": "展開積木",
"DISABLE_BLOCK": "停用積木",
"ENABLE_BLOCK": "啟用積木",
"HELP": "說明",
"CHANGE_VALUE_TITLE": "修改值:",
"NEW_VARIABLE": "新變量...",
"NEW_VARIABLE_TITLE": "新變量名稱:",
"RENAME_VARIABLE": "重新命名變量...",
"RENAME_VARIABLE_TITLE": "將所有 \"%1\" 變量重新命名為:",
"CONTROLS_REPEAT_TITLE": "重複 %1 次數",
"CONTROLS_REPEAT_TITLE_REPEAT": "重複",
"CONTROLS_REPEAT_TITLE_TIMES": "次數",
"CONTROLS_REPEAT_INPUT_DO": "執行",
"CONTROLS_WHILEUNTIL_OPERATOR_WHILE": "重複 當",
"CONTROLS_WHILEUNTIL_OPERATOR_UNTIL": "重複 直到",
"CONTROLS_FOR_INPUT_WITH": "使用",
"VARIABLES_DEFAULT_NAME": "變量",
"CONTROLS_FOR_INPUT_FROM_TO_BY": "從範圍 %1 到 %2 每隔 %3",
"CONTROLS_FOREACH_INPUT_ITEM": "取出每個",
"CONTROLS_FOREACH_INPUT_INLIST": "自列表",
"CONTROLS_FOREACH_INPUT_INLIST_TAIL": "",
"CONTROLS_FLOW_STATEMENTS_OPERATOR_BREAK": "停止 迴圈",
"CONTROLS_FLOW_STATEMENTS_OPERATOR_CONTINUE": "繼續下一個 迴圈",
"CONTROLS_IF_MSG_ELSEIF": "否則如果",
"CONTROLS_IF_MSG_ELSE": "否則",
"LOGIC_OPERATION_AND": "且",
"LOGIC_OPERATION_OR": "或",
"LOGIC_NEGATE_TITLE": "非 %1",
"LOGIC_BOOLEAN_TRUE": "是",
"LOGIC_BOOLEAN_FALSE": "否",
"LOGIC_NULL": "空",
"MATH_SINGLE_OP_ROOT": "開根號",
"MATH_SINGLE_OP_ABSOLUTE": "絕對值",
"MATH_CHANGE_TITLE_CHANGE": "修改",
"MATH_CHANGE_TITLE_ITEM": "變量",
"MATH_CHANGE_INPUT_BY": "自",
"MATH_ROUND_OPERATOR_ROUND": "四捨五入",
"MATH_ROUND_OPERATOR_ROUNDUP": "無條件進位",
"MATH_ROUND_OPERATOR_ROUNDDOWN": "無條件捨去",
"MATH_ONLIST_OPERATOR_SUM": "總和 自列表",
"MATH_ONLIST_OPERATOR_MIN": "最小值 自列表",
"MATH_ONLIST_OPERATOR_MAX": "最大值 自列表",
"MATH_ONLIST_OPERATOR_AVERAGE": "平均值 自列表",
"MATH_ONLIST_OPERATOR_MEDIAN": "中位數 自列表",
"MATH_ONLIST_OPERATOR_MODE": "比較眾數 自列表",
"MATH_ONLIST_OPERATOR_STD_DEV": "標準差 自列表",
"MATH_ONLIST_OPERATOR_RANDOM": "隨機抽取 自列表",
"MATH_MODULO_TITLE": "取餘數自 %1 \u00f7 %2",
"MATH_CONSTRAIN_TITLE": "限制數字 %1 介於 (低) %2 到 (高) %3",
"MATH_RANDOM_INT_TITLE": "取隨機整數介於 (低) %1 到 %2",
"MATH_RANDOM_FLOAT_TITLE_RANDOM": "取隨機分數",
"TEXT_JOIN_TITLE_CREATEWITH": "建立字串使用",
"TEXT_CREATE_JOIN_TITLE_JOIN": "加入",
"TEXT_CREATE_JOIN_ITEM_TITLE_ITEM": "字串",
"TEXT_APPEND_TO": "在",
"TEXT_APPEND_APPENDTEXT": "後加入文字",
"TEXT_APPEND_VARIABLE": "變量",
"TEXT_LENGTH_TITLE": "長度 %1",
"TEXT_ISEMPTY_TITLE": "%1 為空",
"TEXT_INDEXOF_INPUT_INTEXT": "在字串",
"TEXT_INDEXOF_OPERATOR_FIRST": "尋找 第一個 出現的字串",
"TEXT_INDEXOF_OPERATOR_LAST": "尋找 最後一個 出現的字串",
"TEXT_CHARAT_INPUT_INTEXT": "的字元在字串",
"TEXT_CHANGECASE_OPERATOR_UPPERCASE": "改成 轉大寫",
"TEXT_CHANGECASE_OPERATOR_LOWERCASE": "改成 轉小寫",
"TEXT_CHANGECASE_OPERATOR_TITLECASE": "改成 頭字母大寫",
"TEXT_TRIM_OPERATOR_BOTH": "從 兩側 消除空格",
"TEXT_TRIM_OPERATOR_LEFT": "從 左側 消除空格",
"TEXT_TRIM_OPERATOR_RIGHT": "從 右側 消除空格",
"TEXT_PRINT_TITLE": "印出 %1",
"TEXT_PROMPT_TYPE_TEXT": "輸入 文字 並顯示提示訊息",
"TEXT_PROMPT_TYPE_NUMBER": "輸入 數字 並顯示提示訊息",
"LISTS_CREATE_EMPTY_TITLE": "建立空列表",
"LISTS_CREATE_WITH_INPUT_WITH": "使用這些值建立列表",
"LISTS_CREATE_WITH_CONTAINER_TITLE_ADD": "加入",
"LISTS_CREATE_WITH_ITEM_TITLE": "項目",
"LISTS_REPEAT_TITLE": "建立列表使用項目 %1 重複 %2 次數",
"LISTS_LENGTH_TITLE": "長度 %1",
"LISTS_IS_EMPTY_TITLE": "%1 值為空",
"LISTS_INDEX_OF_FIRST": "找出 第一個 項目出現",
"LISTS_INDEX_OF_LAST": "找出 最後一個 項目出現",
"VARIABLES_GET_TITLE": "",
"VARIABLES_GET_TAIL": "",
"VARIABLES_SET_TITLE": "賦值",
"VARIABLES_SET_TAIL": "",
"PROCEDURES_DEFNORETURN_PROCEDURE": "流程",
"PROCEDURES_DEFRETURN_RETURN": "回傳",
"PROCEDURES_CALLNORETURN_CALL": "呼叫",
"PROCEDURES_MUTATORCONTAINER_TITLE": "參數",
"PROCEDURES_MUTATORARG_TITLE": "變量:"
}
